{
    "countries": [
        {
            "name": "Afghanistan",
            "alpha-2": "af",
            "country-code": "004"
        },
        {
            "name": "Åland Islands",
            "alpha-2": "ax",
            "country-code": "248"
        },
        {
            "name": "Albania",
            "alpha-2": "al",
            "country-code": "008"
        },
        {
            "name": "Algeria",
            "alpha-2": "dz",
            "country-code": "012"
        },
        {
            "name": "American Samoa",
            "alpha-2": "as",
            "country-code": "016"
        },
        {
            "name": "Andorra",
            "alpha-2": "ad",
            "country-code": "020"
        },
        {
            "name": "Angola",
            "alpha-2": "ao",
            "country-code": "024"
        },
        {
            "name": "Anguilla",
            "alpha-2": "ai",
            "country-code": "660"
        },
        {
            "name": "Antarctica",
            "alpha-2": "aq",
            "country-code": "010"
        },
        {
            "name": "Antigua and Barbuda",
            "alpha-2": "ag",
            "country-code": "028"
        },
        {
            "name": "Argentina",
            "alpha-2": "ar",
            "country-code": "032"
        },
        {
            "name": "Armenia",
            "alpha-2": "am",
            "country-code": "051"
        },
        {
            "name": "Aruba",
            "alpha-2": "aw",
            "country-code": "533"
        },
        {
            "name": "Australia",
            "alpha-2": "au",
            "country-code": "036"
        },
        {
            "name": "Austria",
            "alpha-2": "at",
            "country-code": "040"
        },
        {
            "name": "Azerbaijan",
            "alpha-2": "az",
            "country-code": "031"
        },
        {
            "name": "Bahamas",
            "alpha-2": "bs",
            "country-code": "044"
        },
        {
            "name": "Bahrain",
            "alpha-2": "bh",
            "country-code": "048"
        },
        {
            "name": "Bangladesh",
            "alpha-2": "bd",
            "country-code": "050"
        },
        {
            "name": "Barbados",
            "alpha-2": "bb",
            "country-code": "052"
        },
        {
            "name": "Belarus",
            "alpha-2": "by",
            "country-code": "112"
        },
        {
            "name": "Belgium",
            "alpha-2": "be",
            "country-code": "056"
        },
        {
            "name": "Belize",
            "alpha-2": "bz",
            "country-code": "084"
        },
        {
            "name": "Benin",
            "alpha-2": "bj",
            "country-code": "204"
        },
        {
            "name": "Bermuda",
            "alpha-2": "bm",
            "country-code": "060"
        },
        {
            "name": "Bhutan",
            "alpha-2": "bt",
            "country-code": "064"
        },
        {
            "name": "Bolivia, Plurinational State of",
            "alpha-2": "bo",
            "country-code": "068"
        },
        {
            "name": "Bonaire, Sint Eustatius and Saba",
            "alpha-2": "bq",
            "country-code": "535"
        },
        {
            "name": "Bosnia and Herzegovina",
            "alpha-2": "ba",
            "country-code": "070"
        },
        {
            "name": "Botswana",
            "alpha-2": "bw",
            "country-code": "072"
        },
        {
            "name": "Bouvet Island",
            "alpha-2": "bv",
            "country-code": "074"
        },
        {
            "name": "Brazil",
            "alpha-2": "br",
            "country-code": "076"
        },
        {
            "name": "British Indian Ocean Territory",
            "alpha-2": "io",
            "country-code": "086"
        },
        {
            "name": "Brunei Darussalam",
            "alpha-2": "bn",
            "country-code": "096"
        },
        {
            "name": "Bulgaria",
            "alpha-2": "bg",
            "country-code": "100"
        },
        {
            "name": "Burkina Faso",
            "alpha-2": "bf",
            "country-code": "854"
        },
        {
            "name": "Burundi",
            "alpha-2": "bi",
            "country-code": "108"
        },
        {
            "name": "Cambodia",
            "alpha-2": "kh",
            "country-code": "116"
        },
        {
            "name": "Cameroon",
            "alpha-2": "cm",
            "country-code": "120"
        },
        {
            "name": "Canada",
            "alpha-2": "ca",
            "country-code": "124"
        },
        {
            "name": "Cape Verde",
            "alpha-2": "cv",
            "country-code": "132"
        },
        {
            "name": "Cayman Islands",
            "alpha-2": "ky",
            "country-code": "136"
        },
        {
            "name": "Central African Republic",
            "alpha-2": "cf",
            "country-code": "140"
        },
        {
            "name": "Chad",
            "alpha-2": "td",
            "country-code": "148"
        },
        {
            "name": "Chile",
            "alpha-2": "cl",
            "country-code": "152"
        },
        {
            "name": "China",
            "alpha-2": "cn",
            "country-code": "156"
        },
        {
            "name": "Christmas Island",
            "alpha-2": "cx",
            "country-code": "162"
        },
        {
            "name": "Cocos (Keeling) Islands",
            "alpha-2": "cc",
            "country-code": "166"
        },
        {
            "name": "Colombia",
            "alpha-2": "co",
            "country-code": "170"
        },
        {
            "name": "Comoros",
            "alpha-2": "km",
            "country-code": "174"
        },
        {
            "name": "Congo",
            "alpha-2": "cg",
            "country-code": "178"
        },
        {
            "name": "Congo, the Democratic Republic of the",
            "alpha-2": "cd",
            "country-code": "180"
        },
        {
            "name": "Cook Islands",
            "alpha-2": "ck",
            "country-code": "184"
        },
        {
            "name": "Costa Rica",
            "alpha-2": "cr",
            "country-code": "188"
        },
        {
            "name": "Côte d'Ivoire",
            "alpha-2": "ci",
            "country-code": "384"
        },
        {
            "name": "Croatia",
            "alpha-2": "hr",
            "country-code": "191"
        },
        {
            "name": "Cuba",
            "alpha-2": "cu",
            "country-code": "192"
        },
        {
            "name": "Curaçao",
            "alpha-2": "cw",
            "country-code": "531"
        },
        {
            "name": "Cyprus",
            "alpha-2": "cy",
            "country-code": "196"
        },
        {
            "name": "Czech Republic",
            "alpha-2": "cz",
            "country-code": "203"
        },
        {
            "name": "Denmark",
            "alpha-2": "dk",
            "country-code": "208"
        },
        {
            "name": "Djibouti",
            "alpha-2": "dj",
            "country-code": "262"
        },
        {
            "name": "Dominica",
            "alpha-2": "dm",
            "country-code": "212"
        },
        {
            "name": "Dominican Republic",
            "alpha-2": "do",
            "country-code": "214"
        },
        {
            "name": "Ecuador",
            "alpha-2": "ec",
            "country-code": "218"
        },
        {
            "name": "Egypt",
            "alpha-2": "eg",
            "country-code": "818"
        },
        {
            "name": "El Salvador",
            "alpha-2": "sv",
            "country-code": "222"
        },
        {
            "name": "Equatorial Guinea",
            "alpha-2": "gq",
            "country-code": "226"
        },
        {
            "name": "Eritrea",
            "alpha-2": "er",
            "country-code": "232"
        },
        {
            "name": "Estonia",
            "alpha-2": "ee",
            "country-code": "233"
        },
        {
            "name": "Ethiopia",
            "alpha-2": "et",
            "country-code": "231"
        },
        {
            "name": "Falkland Islands (Malvinas)",
            "alpha-2": "fk",
            "country-code": "238"
        },
        {
            "name": "Faroe Islands",
            "alpha-2": "fo",
            "country-code": "234"
        },
        {
            "name": "Fiji",
            "alpha-2": "fj",
            "country-code": "242"
        },
        {
            "name": "Finland",
            "alpha-2": "fi",
            "country-code": "246"
        },
        {
            "name": "France",
            "alpha-2": "fr",
            "country-code": "250"
        },
        {
            "name": "French Guiana",
            "alpha-2": "gf",
            "country-code": "254"
        },
        {
            "name": "French Polynesia",
            "alpha-2": "pf",
            "country-code": "258"
        },
        {
            "name": "French Southern Territories",
            "alpha-2": "tf",
            "country-code": "260"
        },
        {
            "name": "Gabon",
            "alpha-2": "ga",
            "country-code": "266"
        },
        {
            "name": "Gambia",
            "alpha-2": "gm",
            "country-code": "270"
        },
        {
            "name": "Georgia",
            "alpha-2": "ge",
            "country-code": "268"
        },
        {
            "name": "Germany",
            "alpha-2": "de",
            "country-code": "276"
        },
        {
            "name": "Ghana",
            "alpha-2": "gh",
            "country-code": "288"
        },
        {
            "name": "Gibraltar",
            "alpha-2": "gi",
            "country-code": "292"
        },
        {
            "name": "Greece",
            "alpha-2": "gr",
            "country-code": "300"
        },
        {
            "name": "Greenland",
            "alpha-2": "gl",
            "country-code": "304"
        },
        {
            "name": "Grenada",
            "alpha-2": "gd",
            "country-code": "308"
        },
        {
            "name": "Guadeloupe",
            "alpha-2": "gp",
            "country-code": "312"
        },
        {
            "name": "Guam",
            "alpha-2": "gu",
            "country-code": "316"
        },
        {
            "name": "Guatemala",
            "alpha-2": "gt",
            "country-code": "320"
        },
        {
            "name": "Guernsey",
            "alpha-2": "gg",
            "country-code": "831"
        },
        {
            "name": "Guinea",
            "alpha-2": "gn",
            "country-code": "324"
        },
        {
            "name": "Guinea-Bissau",
            "alpha-2": "gw",
            "country-code": "624"
        },
        {
            "name": "Guyana",
            "alpha-2": "gy",
            "country-code": "328"
        },
        {
            "name": "Haiti",
            "alpha-2": "ht",
            "country-code": "332"
        },
        {
            "name": "Heard Island and McDonald Islands",
            "alpha-2": "hm",
            "country-code": "334"
        },
        {
            "name": "Holy See (Vatican City State)",
            "alpha-2": "va",
            "country-code": "336"
        },
        {
            "name": "Honduras",
            "alpha-2": "hn",
            "country-code": "340"
        },
        {
            "name": "Hong Kong",
            "alpha-2": "hk",
            "country-code": "344"
        },
        {
            "name": "Hungary",
            "alpha-2": "hu",
            "country-code": "348"
        },
        {
            "name": "Iceland",
            "alpha-2": "is",
            "country-code": "352"
        },
        {
            "name": "India",
            "alpha-2": "in",
            "country-code": "356"
        },
        {
            "name": "Indonesia",
            "alpha-2": "id",
            "country-code": "360"
        },
        {
            "name": "Iran, Islamic Republic of",
            "alpha-2": "ir",
            "country-code": "364"
        },
        {
            "name": "Iraq",
            "alpha-2": "iq",
            "country-code": "368"
        },
        {
            "name": "Ireland",
            "alpha-2": "ie",
            "country-code": "372"
        },
        {
            "name": "Isle of Man",
            "alpha-2": "im",
            "country-code": "833"
        },
        {
            "name": "Israel",
            "alpha-2": "il",
            "country-code": "376"
        },
        {
            "name": "Italy",
            "alpha-2": "it",
            "country-code": "380"
        },
        {
            "name": "Jamaica",
            "alpha-2": "jm",
            "country-code": "388"
        },
        {
            "name": "Japan",
            "alpha-2": "jp",
            "country-code": "392"
        },
        {
            "name": "Jersey",
            "alpha-2": "je",
            "country-code": "832"
        },
        {
            "name": "Jordan",
            "alpha-2": "jo",
            "country-code": "400"
        },
        {
            "name": "Kazakhstan",
            "alpha-2": "kz",
            "country-code": "398"
        },
        {
            "name": "Kenya",
            "alpha-2": "ke",
            "country-code": "404"
        },
        {
            "name": "Kiribati",
            "alpha-2": "ki",
            "country-code": "296"
        },
        {
            "name": "Korea, Democratic People's Republic of",
            "alpha-2": "kp",
            "country-code": "408"
        },
        {
            "name": "Korea, Republic of",
            "alpha-2": "kr",
            "country-code": "410"
        },
        {
            "name": "Kuwait",
            "alpha-2": "kw",
            "country-code": "414"
        },
        {
            "name": "Kyrgyzstan",
            "alpha-2": "kg",
            "country-code": "417"
        },
        {
            "name": "Lao People's Democratic Republic",
            "alpha-2": "la",
            "country-code": "418"
        },
        {
            "name": "Latvia",
            "alpha-2": "lv",
            "country-code": "428"
        },
        {
            "name": "Lebanon",
            "alpha-2": "lb",
            "country-code": "422"
        },
        {
            "name": "Lesotho",
            "alpha-2": "ls",
            "country-code": "426"
        },
        {
            "name": "Liberia",
            "alpha-2": "lr",
            "country-code": "430"
        },
        {
            "name": "Libya",
            "alpha-2": "ly",
            "country-code": "434"
        },
        {
            "name": "Liechtenstein",
            "alpha-2": "li",
            "country-code": "438"
        },
        {
            "name": "Lithuania",
            "alpha-2": "lt",
            "country-code": "440"
        },
        {
            "name": "Luxembourg",
            "alpha-2": "lu",
            "country-code": "442"
        },
        {
            "name": "Macao",
            "alpha-2": "mo",
            "country-code": "446"
        },
        {
            "name": "Macedonia, the former Yugoslav Republic of",
            "alpha-2": "mk",
            "country-code": "807"
        },
        {
            "name": "Madagascar",
            "alpha-2": "mg",
            "country-code": "450"
        },
        {
            "name": "Malawi",
            "alpha-2": "mw",
            "country-code": "454"
        },
        {
            "name": "Malaysia",
            "alpha-2": "my",
            "country-code": "458"
        },
        {
            "name": "Maldives",
            "alpha-2": "mv",
            "country-code": "462"
        },
        {
            "name": "Mali",
            "alpha-2": "ml",
            "country-code": "466"
        },
        {
            "name": "Malta",
            "alpha-2": "mt",
            "country-code": "470"
        },
        {
            "name": "Marshall Islands",
            "alpha-2": "mh",
            "country-code": "584"
        },
        {
            "name": "Martinique",
            "alpha-2": "mq",
            "country-code": "474"
        },
        {
            "name": "Mauritania",
            "alpha-2": "mr",
            "country-code": "478"
        },
        {
            "name": "Mauritius",
            "alpha-2": "mu",
            "country-code": "480"
        },
        {
            "name": "Mayotte",
            "alpha-2": "yt",
            "country-code": "175"
        },
        {
            "name": "Mexico",
            "alpha-2": "mx",
            "country-code": "484"
        },
        {
            "name": "Micronesia, Federated States of",
            "alpha-2": "fm",
            "country-code": "583"
        },
        {
            "name": "Moldova, Republic of",
            "alpha-2": "md",
            "country-code": "498"
        },
        {
            "name": "Monaco",
            "alpha-2": "mc",
            "country-code": "492"
        },
        {
            "name": "Mongolia",
            "alpha-2": "mn",
            "country-code": "496"
        },
        {
            "name": "Montenegro",
            "alpha-2": "me",
            "country-code": "499"
        },
        {
            "name": "Montserrat",
            "alpha-2": "ms",
            "country-code": "500"
        },
        {
            "name": "Morocco",
            "alpha-2": "ma",
            "country-code": "504"
        },
        {
            "name": "Mozambique",
            "alpha-2": "mz",
            "country-code": "508"
        },
        {
            "name": "Myanmar",
            "alpha-2": "mm",
            "country-code": "104"
        },
        {
            "name": "Namibia",
            "alpha-2": "na",
            "country-code": "516"
        },
        {
            "name": "Nauru",
            "alpha-2": "nr",
            "country-code": "520"
        },
        {
            "name": "Nepal",
            "alpha-2": "np",
            "country-code": "524"
        },
        {
            "name": "Netherlands",
            "alpha-2": "nl",
            "country-code": "528"
        },
        {
            "name": "New Caledonia",
            "alpha-2": "nc",
            "country-code": "540"
        },
        {
            "name": "New Zealand",
            "alpha-2": "nz",
            "country-code": "554"
        },
        {
            "name": "Nicaragua",
            "alpha-2": "ni",
            "country-code": "558"
        },
        {
            "name": "Niger",
            "alpha-2": "ne",
            "country-code": "562"
        },
        {
            "name": "Nigeria",
            "alpha-2": "ng",
            "country-code": "566"
        },
        {
            "name": "Niue",
            "alpha-2": "nu",
            "country-code": "570"
        },
        {
            "name": "Norfolk Island",
            "alpha-2": "nf",
            "country-code": "574"
        },
        {
            "name": "Northern Mariana Islands",
            "alpha-2": "mp",
            "country-code": "580"
        },
        {
            "name": "Norway",
            "alpha-2": "no",
            "country-code": "578"
        },
        {
            "name": "Oman",
            "alpha-2": "om",
            "country-code": "512"
        },
        {
            "name": "Pakistan",
            "alpha-2": "pk",
            "country-code": "586"
        },
        {
            "name": "Palau",
            "alpha-2": "pw",
            "country-code": "585"
        },
        {
            "name": "Palestinian Territory, Occupied",
            "alpha-2": "ps",
            "country-code": "275"
        },
        {
            "name": "Panama",
            "alpha-2": "pa",
            "country-code": "591"
        },
        {
            "name": "Papua New Guinea",
            "alpha-2": "pg",
            "country-code": "598"
        },
        {
            "name": "Paraguay",
            "alpha-2": "py",
            "country-code": "600"
        },
        {
            "name": "Peru",
            "alpha-2": "pe",
            "country-code": "604"
        },
        {
            "name": "Philippines",
            "alpha-2": "ph",
            "country-code": "608"
        },
        {
            "name": "Pitcairn",
            "alpha-2": "pn",
            "country-code": "612"
        },
        {
            "name": "Poland",
            "alpha-2": "pl",
            "country-code": "616"
        },
        {
            "name": "Portugal",
            "alpha-2": "pt",
            "country-code": "620"
        },
        {
            "name": "Puerto Rico",
            "alpha-2": "pr",
            "country-code": "630"
        },
        {
            "name": "Qatar",
            "alpha-2": "qa",
            "country-code": "634"
        },
        {
            "name": "Réunion",
            "alpha-2": "re",
            "country-code": "638"
        },
        {
            "name": "Romania",
            "alpha-2": "ro",
            "country-code": "642"
        },
        {
            "name": "Russian Federation",
            "alpha-2": "ru",
            "country-code": "643"
        },
        {
            "name": "Rwanda",
            "alpha-2": "rw",
            "country-code": "646"
        },
        {
            "name": "Saint Barthélemy",
            "alpha-2": "bl",
            "country-code": "652"
        },
        {
            "name": "Saint Helena, Ascension and Tristan da Cunha",
            "alpha-2": "sh",
            "country-code": "654"
        },
        {
            "name": "Saint Kitts and Nevis",
            "alpha-2": "kn",
            "country-code": "659"
        },
        {
            "name": "Saint Lucia",
            "alpha-2": "lc",
            "country-code": "662"
        },
        {
            "name": "Saint Martin (French part)",
            "alpha-2": "mf",
            "country-code": "663"
        },
        {
            "name": "Saint Pierre and Miquelon",
            "alpha-2": "pm",
            "country-code": "666"
        },
        {
            "name": "Saint Vincent and the Grenadines",
            "alpha-2": "vc",
            "country-code": "670"
        },
        {
            "name": "Samoa",
            "alpha-2": "ws",
            "country-code": "882"
        },
        {
            "name": "San Marino",
            "alpha-2": "sm",
            "country-code": "674"
        },
        {
            "name": "Sao Tome and Principe",
            "alpha-2": "st",
            "country-code": "678"
        },
        {
            "name": "Saudi Arabia",
            "alpha-2": "sa",
            "country-code": "682"
        },
        {
            "name": "Senegal",
            "alpha-2": "sn",
            "country-code": "686"
        },
        {
            "name": "Serbia",
            "alpha-2": "rs",
            "country-code": "688"
        },
        {
            "name": "Seychelles",
            "alpha-2": "sc",
            "country-code": "690"
        },
        {
            "name": "Sierra Leone",
            "alpha-2": "sl",
            "country-code": "694"
        },
        {
            "name": "Singapore",
            "alpha-2": "sg",
            "country-code": "702"
        },
        {
            "name": "Sint Maarten (Dutch part)",
            "alpha-2": "sx",
            "country-code": "534"
        },
        {
            "name": "Slovakia",
            "alpha-2": "sk",
            "country-code": "703"
        },
        {
            "name": "Slovenia",
            "alpha-2": "si",
            "country-code": "705"
        },
        {
            "name": "Solomon Islands",
            "alpha-2": "sb",
            "country-code": "090"
        },
        {
            "name": "Somalia",
            "alpha-2": "so",
            "country-code": "706"
        },
        {
            "name": "South Africa",
            "alpha-2": "za",
            "country-code": "710"
        },
        {
            "name": "South Georgia and the South Sandwich Islands",
            "alpha-2": "gs",
            "country-code": "239"
        },
        {
            "name": "South Sudan",
            "alpha-2": "ss",
            "country-code": "728"
        },
        {
            "name": "Spain",
            "alpha-2": "es",
            "country-code": "724"
        },
        {
            "name": "Sri Lanka",
            "alpha-2": "lk",
            "country-code": "144"
        },
        {
            "name": "Sudan",
            "alpha-2": "sd",
            "country-code": "729"
        },
        {
            "name": "Suriname",
            "alpha-2": "sr",
            "country-code": "740"
        },
        {
            "name": "Svalbard and Jan Mayen",
            "alpha-2": "sj",
            "country-code": "744"
        },
        {
            "name": "Swaziland",
            "alpha-2": "sz",
            "country-code": "748"
        },
        {
            "name": "Sweden",
            "alpha-2": "se",
            "country-code": "752"
        },
        {
            "name": "Switzerland",
            "alpha-2": "ch",
            "country-code": "756"
        },
        {
            "name": "Syrian Arab Republic",
            "alpha-2": "sy",
            "country-code": "760"
        },
        {
            "name": "Taiwan, Province of China",
            "alpha-2": "tw",
            "country-code": "158"
        },
        {
            "name": "Tajikistan",
            "alpha-2": "tj",
            "country-code": "762"
        },
        {
            "name": "Tanzania, United Republic of",
            "alpha-2": "tz",
            "country-code": "834"
        },
        {
            "name": "Thailand",
            "alpha-2": "th",
            "country-code": "764"
        },
        {
            "name": "Timor-Leste",
            "alpha-2": "tl",
            "country-code": "626"
        },
        {
            "name": "Togo",
            "alpha-2": "tg",
            "country-code": "768"
        },
        {
            "name": "Tokelau",
            "alpha-2": "tk",
            "country-code": "772"
        },
        {
            "name": "Tonga",
            "alpha-2": "to",
            "country-code": "776"
        },
        {
            "name": "Trinidad and Tobago",
            "alpha-2": "tt",
            "country-code": "780"
        },
        {
            "name": "Tunisia",
            "alpha-2": "tn",
            "country-code": "788"
        },
        {
            "name": "Turkey",
            "alpha-2": "tr",
            "country-code": "792"
        },
        {
            "name": "Turkmenistan",
            "alpha-2": "tm",
            "country-code": "795"
        },
        {
            "name": "Turks and Caicos Islands",
            "alpha-2": "tc",
            "country-code": "796"
        },
        {
            "name": "Tuvalu",
            "alpha-2": "tv",
            "country-code": "798"
        },
        {
            "name": "Uganda",
            "alpha-2": "ug",
            "country-code": "800"
        },
        {
            "name": "Ukraine",
            "alpha-2": "ua",
            "country-code": "804"
        },
        {
            "name": "United Arab Emirates",
            "alpha-2": "ae",
            "country-code": "784"
        },
        {
            "name": "United Kingdom",
            "alpha-2": "gb",
            "country-code": "826"
        },
        {
            "name": "United States",
            "alpha-2": "us",
            "country-code": "840"
        },
        {
            "name": "United States Minor Outlying Islands",
            "alpha-2": "um",
            "country-code": "581"
        },
        {
            "name": "Uruguay",
            "alpha-2": "uy",
            "country-code": "858"
        },
        {
            "name": "Uzbekistan",
            "alpha-2": "uz",
            "country-code": "860"
        },
        {
            "name": "Vanuatu",
            "alpha-2": "vu",
            "country-code": "548"
        },
        {
            "name": "Venezuela, Bolivarian Republic of",
            "alpha-2": "ve",
            "country-code": "862"
        },
        {
            "name": "Viet Nam",
            "alpha-2": "vn",
            "country-code": "704"
        },
        {
            "name": "Virgin Islands, British",
            "alpha-2": "vg",
            "country-code": "092"
        },
        {
            "name": "Virgin Islands, U.S.",
            "alpha-2": "vi",
            "country-code": "850"
        },
        {
            "name": "Wallis and Futuna",
            "alpha-2": "wf",
            "country-code": "876"
        },
        {
            "name": "Western Sahara",
            "alpha-2": "eh",
            "country-code": "732"
        },
        {
            "name": "Yemen",
            "alpha-2": "ye",
            "country-code": "887"
        },
        {
            "name": "Zambia",
            "alpha-2": "zm",
            "country-code": "894"
        },
        {
            "name": "Zimbabwe",
            "alpha-2": "zw",
            "country-code": "716"
        }
    ]
}